,births_2020_21,deaths_2020_21,state_name_2016,,,
,37,26,New South Wales,,,
,114,41,New South Wales,,,
,149,104,New South Wales,,,
,19,41,New South Wales,,,
,83,67,New South Wales,,,
,0,0,New South Wales,,,
,74,12,New South Wales,,,
,349,59,New South Wales,,,
,170,29,New South Wales,,,
,70,68,New South Wales,,,
,28,19,New South Wales,,,
,64,18,New South Wales,,,
,67,96,New South Wales,,,
,78,121,New South Wales,,,
,81,85,New South Wales,,,
,32,43,New South Wales,,,
,27,44,New South Wales,,,
,28,29,New South Wales,,,
,70,144,New South Wales,,,
,77,81,New South Wales,,,
,72,136,New South Wales,,,
,80,63,New South Wales,,,
,225,190,New South Wales,,,
,36,18,New South Wales,,,
,88,105,New South Wales,,,
,302,238,New South Wales,,,
,127,92,New South Wales,,,
,67,17,New South Wales,,,
,76,78,New South Wales,,,
,133,35,New South Wales,,,
,132,115,New South Wales,,,
,58,27,New South Wales,,,
,88,73,New South Wales,,,
,48,31,New South Wales,,,
,118,319,New South Wales,,,
,267,165,New South Wales,,,
,67,55,New South Wales,,,
,67,77,New South Wales,,,
,87,22,New South Wales,,,
,90,77,New South Wales,,,
,113,92,New South Wales,,,
,92,68,New South Wales,,,
,139,159,New South Wales,,,
,196,40,New South Wales,,,
,58,70,New South Wales,,,
,281,271,New South Wales,,,
,22,4,New South Wales,,,
,107,89,New South Wales,,,
,92,55,New South Wales,,,
,66,36,New South Wales,,,
,88,63,New South Wales,,,
,122,121,New South Wales,,,
,50,43,New South Wales,,,
,112,99,New South Wales,,,
,27,31,New South Wales,,,
,138,69,New South Wales,,,
,270,279,New South Wales,,,
,32,38,New South Wales,,,
,84,43,New South Wales,,,
,169,192,New South Wales,,,
,103,81,New South Wales,,,
,0,0,New South Wales,,,
,299,310,New South Wales,,,
,99,71,New South Wales,,,
,290,238,New South Wales,,,
,290,202,New South Wales,,,
,153,48,New South Wales,,,
,172,52,New South Wales,,,
,130,86,New South Wales,,,
,50,53,New South Wales,,,
,204,138,New South Wales,,,
,187,121,New South Wales,,,
,54,26,New South Wales,,,
,73,33,New South Wales,,,
,182,126,New South Wales,,,
,110,171,New South Wales,,,
,56,18,New South Wales,,,
,290,196,New South Wales,,,
,101,202,New South Wales,,,
,40,27,New South Wales,,,
,33,24,New South Wales,,,
,91,36,New South Wales,,,
,198,179,New South Wales,,,
,93,66,New South Wales,,,
,39,58,New South Wales,,,
,149,134,New South Wales,,,
,62,34,New South Wales,,,
,71,49,New South Wales,,,
,288,209,New South Wales,,,
,68,43,New South Wales,,,
,160,73,New South Wales,,,
,58,23,New South Wales,,,
,42,37,New South Wales,,,
,167,110,New South Wales,,,
,35,27,New South Wales,,,
,62,47,New South Wales,,,
,140,138,New South Wales,,,
,81,57,New South Wales,,,
,205,130,New South Wales,,,
,369,104,New South Wales,,,
,132,79,New South Wales,,,
,77,47,New South Wales,,,
,81,71,New South Wales,,,
,0,0,New South Wales,,,
,250,249,New South Wales,,,
,145,121,New South Wales,,,
,145,239,New South Wales,,,
,146,76,New South Wales,,,
,161,108,New South Wales,,,
,31,55,New South Wales,,,
,101,118,New South Wales,,,
,336,164,New South Wales,,,
,322,134,New South Wales,,,
,186,73,New South Wales,,,
,62,22,New South Wales,,,
,288,281,New South Wales,,,
,78,26,New South Wales,,,
,90,80,New South Wales,,,
,40,14,New South Wales,,,
,237,117,New South Wales,,,
,64,18,New South Wales,,,
,24,97,New South Wales,,,
,138,69,New South Wales,,,
,161,69,New South Wales,,,
,167,90,New South Wales,,,
,346,172,New South Wales,,,
,104,49,New South Wales,,,
,400,179,New South Wales,,,
,36,35,New South Wales,,,
,60,63,New South Wales,,,
,214,32,New South Wales,,,
,51,35,New South Wales,,,
,73,73,New South Wales,,,
,130,276,New South Wales,,,
,199,109,New South Wales,,,
,196,161,New South Wales,,,
,242,286,New South Wales,,,
,121,90,New South Wales,,,
,75,77,New South Wales,,,
,219,109,New South Wales,,,
,213,107,New South Wales,,,
,265,191,New South Wales,,,
,132,109,New South Wales,,,
,45,52,New South Wales,,,
,0,0,New South Wales,,,
,311,101,New South Wales,,,
,127,105,New South Wales,,,
,99,78,New South Wales,,,
,97,85,New South Wales,,,
,76,68,New South Wales,,,
,102,151,New South Wales,,,
,110,83,New South Wales,,,
,68,31,New South Wales,,,
,74,77,New South Wales,,,
,214,102,New South Wales,,,
,71,61,New South Wales,,,
,239,178,New South Wales,,,
,255,150,New South Wales,,,
,245,165,New South Wales,,,
,121,49,New South Wales,,,
,125,66,New South Wales,,,
,83,99,New South Wales,,,
,197,145,New South Wales,,,
,80,60,New South Wales,,,
,46,83,New South Wales,,,
,5,0,New South Wales,,,
,220,211,New South Wales,,,
,129,216,New South Wales,,,
,248,258,New South Wales,,,
,226,291,New South Wales,,,
,140,124,New South Wales,,,
,185,96,New South Wales,,,
,37,52,New South Wales,,,
,105,215,New South Wales,,,
,59,47,New South Wales,,,
,40,188,New South Wales,,,
,211,211,New South Wales,,,
,105,69,New South Wales,,,
,56,65,New South Wales,,,
,47,25,New South Wales,,,
,63,129,New South Wales,,,
,179,137,New South Wales,,,
,32,27,New South Wales,,,
,73,59,New South Wales,,,
,39,29,New South Wales,,,
,42,85,New South Wales,,,
,60,71,New South Wales,,,
,76,88,New South Wales,,,
,58,63,New South Wales,,,
,39,25,New South Wales,,,
,69,57,New South Wales,,,
,41,36,New South Wales,,,
,86,107,New South Wales,,,
,144,119,New South Wales,,,
,54,42,New South Wales,,,
,55,70,New South Wales,,,
,58,71,New South Wales,,,
,82,22,New South Wales,,,
,118,88,New South Wales,,,
,135,78,New South Wales,,,
,72,30,New South Wales,,,
,124,103,New South Wales,,,
,23,25,New South Wales,,,
,103,66,New South Wales,,,
,64,27,New South Wales,,,
,201,80,New South Wales,,,
,63,32,New South Wales,,,
,79,60,New South Wales,,,
,276,108,New South Wales,,,
,238,201,New South Wales,,,
,59,68,New South Wales,,,
,123,31,New South Wales,,,
,210,154,New South Wales,,,
,173,86,New South Wales,,,
,201,165,New South Wales,,,
,241,188,New South Wales,,,
,53,55,New South Wales,,,
,58,35,Victoria,,,
,316,148,New South Wales,,,
,144,34,New South Wales,,,
,302,207,New South Wales,,,
,115,149,New South Wales,,,
,23,32,Victoria,,,
,26,56,New South Wales,,,
,104,115,New South Wales,,,
,134,77,New South Wales,,,
,102,78,New South Wales,,,
,184,80,New South Wales,,,
,131,164,New South Wales,,,
,31,39,Victoria,,,
,107,58,New South Wales,,,
,213,135,New South Wales,,,
,176,223,New South Wales,,,
,151,161,New South Wales,,,
,90,61,New South Wales,,,
,67,30,New South Wales,,,
,111,27,New South Wales,,,
,23,208,New South Wales,,,
,103,60,New South Wales,,,
,130,107,New South Wales,,,
,206,41,New South Wales,,,
,208,202,New South Wales,,,
,157,128,New South Wales,,,
,32,42,New South Wales,,,
,28,13,New South Wales,,,
,114,71,New South Wales,,,
,273,267,New South Wales,,,
,162,211,New South Wales,,,
,115,44,New South Wales,,,
,0,0,New South Wales,,,
,55,39,New South Wales,,,
,146,137,New South Wales,,,
,104,35,New South Wales,,,
,105,53,New South Wales,,,
,258,81,New South Wales,,,
,88,74,New South Wales,,,
,31,29,New South Wales,,,
,121,39,New South Wales,,,
,162,286,New South Wales,,,
,166,142,New South Wales,,,
,66,36,New South Wales,,,
,84,63,New South Wales,,,
,33,42,New South Wales,,,
,77,110,New South Wales,,,
,38,28,New South Wales,,,
,95,47,New South Wales,,,
,119,75,New South Wales,,,
,181,136,New South Wales,,,
,70,45,New South Wales,,,
,66,35,New South Wales,,,
,63,80,New South Wales,,,
,176,146,New South Wales,,,
,76,63,New South Wales,,,
,338,150,New South Wales,,,
,141,177,New South Wales,,,
,136,89,New South Wales,,,
,144,104,New South Wales,,,
,93,111,New South Wales,,,
,98,57,New South Wales,,,
,143,90,New South Wales,,,
,240,249,New South Wales,,,
,145,194,New South Wales,,,
,229,95,New South Wales,,,
,27,13,New South Wales,,,
,69,94,New South Wales,,,
,30,25,New South Wales,,,
,79,138,New South Wales,,,
,323,152,New South Wales,,,
,166,81,New South Wales,,,
,153,95,New South Wales,,,
,88,78,New South Wales,,,
,207,99,New South Wales,,,
,53,66,New South Wales,,,
,0,0,New South Wales,,,
,41,32,New South Wales,,,
,139,41,New South Wales,,,
,88,17,New South Wales,,,
,48,74,New South Wales,,,
,39,12,New South Wales,,,
,155,207,New South Wales,,,
,178,125,New South Wales,,,
,176,137,New South Wales,,,
,43,30,New South Wales,,,
,333,230,New South Wales,,,
,182,199,New South Wales,,,
,74,228,New South Wales,,,
,248,168,New South Wales,,,
,164,65,New South Wales,,,
,53,30,Victoria,,,
,31,77,New South Wales,,,
,82,40,New South Wales,,,
,49,40,Victoria,,,
,81,60,New South Wales,,,
,97,31,New South Wales,,,
,40,16,New South Wales,,,
,95,87,New South Wales,,,
,263,104,New South Wales,,,
,628,82,New South Wales,,,
,335,100,New South Wales,,,
,361,112,New South Wales,,,
,157,56,New South Wales,,,
,263,179,Victoria,,,
,304,98,New South Wales,,,
,250,135,New South Wales,,,
,307,153,New South Wales,,,
,352,115,New South Wales,,,
,66,40,Victoria,,,
,355,80,New South Wales,,,
,1280,90,New South Wales,,,
,46,12,New South Wales,,,
,377,90,New South Wales,,,
,82,56,Victoria,,,
,305,89,New South Wales,,,
,107,41,New South Wales,,,
,272,83,New South Wales,,,
,248,165,Victoria,,,
,414,114,New South Wales,,,
,360,100,New South Wales,,,
,0,0,New South Wales,,,
,324,202,New South Wales,,,
,9,0,New South Wales,,,
,196,60,New South Wales,,,
,411,109,New South Wales,,,
,204,76,New South Wales,,,
,0,0,Victoria,,,
,0,0,New South Wales,,,
,0,0,New South Wales,,,
,266,34,New South Wales,,,
,306,167,New South Wales,,,
,197,77,New South Wales,,,
,120,26,New South Wales,,,
,101,52,New South Wales,,,
,231,69,New South Wales,,,
,231,47,New South Wales,,,
,157,138,New South Wales,,,
,177,219,Victoria,,,
,214,31,New South Wales,,,
,176,86,New South Wales,,,
,116,94,New South Wales,,,
,113,53,New South Wales,,,
,216,55,New South Wales,,,
,598,116,New South Wales,,,
,310,68,New South Wales,,,
,348,75,New South Wales,,,
,119,54,New South Wales,,,
,236,139,New South Wales,,,
,0,0,New South Wales,,,
,122,50,New South Wales,,,
,70,57,Victoria,,,
,299,137,New South Wales,,,
,196,59,New South Wales,,,
,126,93,New South Wales,,,
,81,40,New South Wales,,,
,340,103,New South Wales,,,
,102,77,New South Wales,,,
,147,58,New South Wales,,,
,122,47,New South Wales,,,
,236,136,New South Wales,,,
,0,0,Victoria,,,
,171,74,New South Wales,,,
,338,208,New South Wales,,,
,28,0,New South Wales,,,
,345,113,New South Wales,,,
,206,53,New South Wales,,,
,413,163,New South Wales,,,
,209,146,New South Wales,,,
,187,138,New South Wales,,,
,318,123,New South Wales,,,
,320,102,New South Wales,,,
,323,56,New South Wales,,,
,279,95,New South Wales,,,
,211,28,New South Wales,,,
,272,110,New South Wales,,,
,402,161,New South Wales,,,
,188,84,New South Wales,,,
,74,135,Victoria,,,
,242,169,New South Wales,,,
,302,95,New South Wales,,,
,240,103,New South Wales,,,
,264,131,New South Wales,,,
,134,114,New South Wales,,,
,100,75,New South Wales,,,
,164,86,New South Wales,,,
,206,187,New South Wales,,,
,119,73,New South Wales,,,
,256,128,New South Wales,,,
,400,125,New South Wales,,,
,356,272,New South Wales,,,
,365,131,New South Wales,,,
,135,75,New South Wales,,,
,197,84,New South Wales,,,
,163,53,New South Wales,,,
,160,88,New South Wales,,,
,288,109,New South Wales,,,
,199,122,New South Wales,,,
,40,73,Victoria,,,
,202,104,New South Wales,,,
,225,159,New South Wales,,,
,297,65,New South Wales,,,
,202,67,New South Wales,,,
,33,83,Victoria,,,
,229,126,New South Wales,,,
,270,226,New South Wales,,,
,73,88,Victoria,,,
,280,161,New South Wales,,,
,251,137,New South Wales,,,
,236,77,New South Wales,,,
,198,63,New South Wales,,,
,238,72,New South Wales,,,
,120,103,New South Wales,,,
,323,33,New South Wales,,,
,182,128,New South Wales,,,
,0,0,Victoria,,,
,96,82,Victoria,,,
,39,14,New South Wales,,,
,279,133,New South Wales,,,
,286,79,New South Wales,,,
,86,116,Victoria,,,
,354,141,New South Wales,,,
,192,25,New South Wales,,,
,196,177,New South Wales,,,
,233,68,New South Wales,,,
,90,42,New South Wales,,,
,287,108,New South Wales,,,
,159,145,New South Wales,,,
,179,36,New South Wales,,,
,286,110,New South Wales,,,
,78,66,New South Wales,,,
,140,111,New South Wales,,,
,115,24,New South Wales,,,
,43,34,New South Wales,,,
,103,132,Victoria,,,
,153,115,New South Wales,,,
,0,0,Victoria,,,
,206,106,New South Wales,,,
,219,99,New South Wales,,,
,207,256,Victoria,,,
,112,55,New South Wales,,,
,149,34,New South Wales,,,
,123,107,New South Wales,,,
,144,210,New South Wales,,,
,122,144,New South Wales,,,
,97,88,New South Wales,,,
,85,75,New South Wales,,,
,268,79,New South Wales,,,
,124,53,New South Wales,,,
,249,210,New South Wales,,,
,240,71,New South Wales,,,
,291,57,New South Wales,,,
,288,162,New South Wales,,,
,22,26,New South Wales,,,
,129,53,Victoria,,,
,177,245,Victoria,,,
,225,89,New South Wales,,,
,79,23,New South Wales,,,
,179,179,Victoria,,,
,202,85,New South Wales,,,
,378,93,New South Wales,,,
,138,80,New South Wales,,,
,89,45,New South Wales,,,
,328,268,Victoria,,,
,445,90,New South Wales,,,
,332,76,New South Wales,,,
,62,17,Victoria,,,
,112,81,New South Wales,,,
,297,110,New South Wales,,,
,0,0,Victoria,,,
,192,166,New South Wales,,,
,32,30,Victoria,,,
,150,114,Victoria,,,
,353,86,New South Wales,,,
,195,130,New South Wales,,,
,307,349,New South Wales,,,
,132,182,New South Wales,,,
,647,78,New South Wales,,,
,345,105,New South Wales,,,
,378,193,New South Wales,,,
,352,94,New South Wales,,,
,307,68,New South Wales,,,
,0,0,New South Wales,,,
,554,80,New South Wales,,,
,343,198,New South Wales,,,
,40,28,Victoria,,,
,242,82,New South Wales,,,
,211,66,Victoria,,,
,254,124,New South Wales,,,
,70,25,New South Wales,,,
,154,70,New South Wales,,,
,203,76,New South Wales,,,
,0,0,New South Wales,,,
,93,134,New South Wales,,,
,185,40,New South Wales,,,
,120,58,New South Wales,,,
,179,90,New South Wales,,,
,234,182,New South Wales,,,
,241,47,New South Wales,,,
,58,92,New South Wales,,,
,0,0,New South Wales,,,
,223,69,New South Wales,,,
,615,77,New South Wales,,,
,156,85,New South Wales,,,
,277,54,New South Wales,,,
,430,125,New South Wales,,,
,190,42,New South Wales,,,
,265,204,New South Wales,,,
,103,16,New South Wales,,,
,200,199,New South Wales,,,
,61,36,New South Wales,,,
,163,56,New South Wales,,,
,91,19,New South Wales,,,
,280,67,New South Wales,,,
,140,54,New South Wales,,,
,76,44,Queensland,,,
,283,185,New South Wales,,,
,140,67,Victoria,,,
,521,33,New South Wales,,,
,0,0,New South Wales,,,
,300,69,New South Wales,,,
,110,41,New South Wales,,,
,226,110,New South Wales,,,
,341,148,New South Wales,,,
,55,77,Victoria,,,
,233,162,New South Wales,,,
,387,77,New South Wales,,,
,94,75,Victoria,,,
,446,112,New South Wales,,,
,392,128,New South Wales,,,
,547,121,New South Wales,,,
,152,81,Victoria,,,
,0,0,New South Wales,,,
,0,0,New South Wales,,,
,145,47,Victoria,,,
,384,130,New South Wales,,,
,529,76,New South Wales,,,
,67,49,New South Wales,,,
,154,92,New South Wales,,,
,164,75,Victoria,,,
,365,108,New South Wales,,,
,376,76,New South Wales,,,
,261,166,New South Wales,,,
,133,53,New South Wales,,,
,325,123,New South Wales,,,
,141,78,New South Wales,,,
,412,161,Victoria,,,
,146,93,New South Wales,,,
,185,108,New South Wales,,,
,225,91,New South Wales,,,
,269,65,New South Wales,,,
,167,68,Victoria,,,
,200,101,New South Wales,,,
,121,50,Victoria,,,
,81,124,New South Wales,,,
,156,87,Victoria,,,
,269,168,New South Wales,,,
,176,28,Victoria,,,
,180,88,New South Wales,,,
,27,22,New South Wales,,,
,432,192,New South Wales,,,
,44,19,New South Wales,,,
,161,38,New South Wales,,,
,192,56,Victoria,,,
,292,102,New South Wales,,,
,221,82,New South Wales,,,
,1112,100,New South Wales,,,
,109,48,Victoria,,,
,288,152,Victoria,,,
,0,0,New South Wales,,,
,201,108,Victoria,,,
,364,59,Victoria,,,
,146,27,New South Wales,,,
,233,33,New South Wales,,,
,141,64,Victoria,,,
,189,125,New South Wales,,,
,235,93,New South Wales,,,
,257,89,Victoria,,,
,232,170,New South Wales,,,
,75,42,New South Wales,,,
,51,31,Victoria,,,
,216,132,New South Wales,,,
,106,45,New South Wales,,,
,40,59,Victoria,,,
,226,110,New South Wales,,,
,234,46,Victoria,,,
,35,28,New South Wales,,,
,76,31,Victoria,,,
,69,63,Victoria,,,
,202,149,New South Wales,,,
,92,65,New South Wales,,,
,42,24,Victoria,,,
,53,91,Victoria,,,
,0,0,New South Wales,,,
,218,93,New South Wales,,,
,100,32,Victoria,,,
,75,39,Victoria,,,
,80,42,Victoria,,,
,314,104,New South Wales,,,
,551,173,New South Wales,,,
,274,123,New South Wales,,,
,149,85,Victoria,,,
,174,62,New South Wales,,,
,407,90,New South Wales,,,
,105,23,New South Wales,,,
,30,14,New South Wales,,,
,193,90,New South Wales,,,
,230,110,New South Wales,,,
,0,0,New South Wales,,,
,270,192,New South Wales,,,
,138,211,New South Wales,,,
,201,76,New South Wales,,,
,161,67,Victoria,,,
,146,64,New South Wales,,,
,321,156,New South Wales,,,
,24,14,New South Wales,,,
,97,57,New South Wales,,,
,171,54,Victoria,,,
,85,86,Victoria,,,
,70,77,New South Wales,,,
,94,128,Victoria,,,
,85,48,New South Wales,,,
,63,46,Victoria,,,
,21,20,Victoria,,,
,226,118,New South Wales,,,
,329,201,New South Wales,,,
,92,135,Victoria,,,
,319,152,Victoria,,,
,232,96,New South Wales,,,
,89,34,New South Wales,,,
,248,240,Victoria,,,
,273,190,Victoria,,,
,65,45,Victoria,,,
,71,65,Victoria,,,
,57,24,Victoria,,,
,145,63,Victoria,,,
,69,82,Victoria,,,
,34,14,Victoria,,,
,187,173,Victoria,,,
,69,124,Victoria,,,
,42,62,Victoria,,,
,163,225,Victoria,,,
,168,93,Victoria,,,
,199,160,Victoria,,,
,321,210,Victoria,,,
,110,131,Victoria,,,
,88,50,Victoria,,,
,87,47,Victoria,,,
,230,224,Victoria,,,
,101,75,Victoria,,,
,74,17,Victoria,,,
,94,85,Victoria,,,
,101,35,Victoria,,,
,146,44,Victoria,,,
,81,118,Victoria,,,
,60,75,Victoria,,,
,47,53,Victoria,,,
,68,86,Victoria,,,
,51,53,Victoria,,,
,131,110,Victoria,,,
,293,132,Victoria,,,
,516,289,Victoria,,,
,136,96,Victoria,,,
,192,104,Victoria,,,
,240,106,Victoria,,,
,40,64,Victoria,,,
,195,34,Victoria,,,
,123,209,Victoria,,,
,99,46,Victoria,,,
,145,182,Victoria,,,
,187,121,Victoria,,,
,63,71,Victoria,,,
,49,44,Victoria,,,
,173,124,Victoria,,,
,44,50,Victoria,,,
,336,174,Victoria,,,
,30,58,Victoria,,,
,45,58,Victoria,,,
,193,124,Victoria,,,
,309,194,Victoria,,,
,49,100,Victoria,,,
,289,100,Victoria,,,
,45,75,Victoria,,,
,46,82,Victoria,,,
,52,73,Victoria,,,
,47,15,Victoria,,,
,3,3,Victoria,,,
,27,30,Victoria,,,
,92,145,Victoria,,,
,25,22,Victoria,,,
,34,35,Victoria,,,
,197,219,Victoria,,,
,78,45,Victoria,,,
,36,45,Victoria,,,
,51,66,Victoria,,,
,31,14,Victoria,,,
,155,180,Victoria,,,
,44,57,Victoria,,,
,273,156,Victoria,,,
,102,38,Victoria,,,
,228,181,Victoria,,,
,221,116,Victoria,,,
,39,33,Queensland,,,
,203,57,Victoria,,,
,207,170,Victoria,,,
,120,68,Victoria,,,
,159,108,Victoria,,,
,72,57,Victoria,,,
,184,22,Victoria,,,
,32,33,Victoria,,,
,0,0,Victoria,,,
,0,0,Victoria,,,
,159,69,Victoria,,,
,186,36,Victoria,,,
,162,63,Victoria,,,
,11,0,Victoria,,,
,124,81,Victoria,,,
,236,171,Victoria,,,
,97,121,Queensland,,,
,98,40,Victoria,,,
,84,30,Victoria,,,
,97,32,Victoria,,,
,98,60,Victoria,,,
,108,61,Victoria,,,
,97,49,Victoria,,,
,324,126,Victoria,,,
,62,55,Victoria,,,
,96,118,Victoria,,,
,167,112,Victoria,,,
,104,56,Victoria,,,
,197,78,Victoria,,,
,90,95,Victoria,,,
,138,231,Victoria,,,
,130,44,Victoria,,,
,197,139,Victoria,,,
,56,35,Victoria,,,
,84,71,Victoria,,,
,169,213,Victoria,,,
,210,139,Victoria,,,
,55,71,Victoria,,,
,115,173,Victoria,,,
,115,204,Victoria,,,
,91,107,Victoria,,,
,147,114,Victoria,,,
,179,155,Victoria,,,
,86,105,Victoria,,,
,143,134,Victoria,,,
,126,177,Victoria,,,
,157,95,Victoria,,,
,78,74,Victoria,,,
,78,67,Victoria,,,
,77,69,Victoria,,,
,109,198,Victoria,,,
,205,143,Victoria,,,
,195,111,Victoria,,,
,276,156,Victoria,,,
,178,169,Victoria,,,
,54,23,Victoria,,,
,0,0,Victoria,,,
,135,61,Victoria,,,
,195,163,Victoria,,,
,58,19,Victoria,,,
,60,68,Queensland,,,
,274,181,Victoria,,,
,167,89,Victoria,,,
,116,91,Victoria,,,
,83,43,Victoria,,,
,0,0,Victoria,,,
,201,144,Victoria,,,
,176,142,Victoria,,,
,162,169,Victoria,,,
,96,69,Victoria,,,
,200,143,Victoria,,,
,176,190,Victoria,,,
,195,111,Victoria,,,
,51,36,Victoria,,,
,352,95,Victoria,,,
,114,78,Victoria,,,
,53,30,Victoria,,,
,51,15,Queensland,,,
,164,81,Victoria,,,
,361,64,Victoria,,,
,121,77,Victoria,,,
,186,113,Victoria,,,
,115,44,Victoria,,,
,73,83,Queensland,,,
,79,79,Victoria,,,
,356,277,Victoria,,,
,272,81,Victoria,,,
,294,190,Victoria,,,
,241,128,Victoria,,,
,137,68,Victoria,,,
,206,91,Victoria,,,
,0,0,Victoria,,,
,164,93,Victoria,,,
,31,13,Victoria,,,
,50,14,Victoria,,,
,27,21,Victoria,,,
,60,75,Victoria,,,
,59,18,Victoria,,,
,141,77,Victoria,,,
,56,31,Victoria,,,
,271,162,Victoria,,,
,160,106,Victoria,,,
,126,47,Victoria,,,
,232,134,Victoria,,,
,389,49,Victoria,,,
,157,114,Victoria,,,
,95,116,Victoria,,,
,167,20,Victoria,,,
,109,73,Victoria,,,
,214,92,Victoria,,,
,378,49,Victoria,,,
,140,81,Victoria,,,
,130,19,Victoria,,,
,231,127,Victoria,,,
,147,121,Victoria,,,
,342,158,Victoria,,,
,463,27,Victoria,,,
,111,51,Victoria,,,
,200,127,Victoria,,,
,79,48,Victoria,,,
,412,223,Victoria,,,
,60,27,Victoria,,,
,257,287,Victoria,,,
,80,33,Victoria,,,
,60,43,Victoria,,,
,119,73,Victoria,,,
,26,17,Victoria,,,
,101,40,Victoria,,,
,29,13,Victoria,,,
,33,11,Victoria,,,
,117,40,Victoria,,,
,141,73,Victoria,,,
,205,77,Victoria,,,
,202,113,Victoria,,,
,183,112,Victoria,,,
,213,116,Victoria,,,
,255,65,Victoria,,,
,184,69,Victoria,,,
,0,0,Victoria,,,
,404,46,Victoria,,,
,90,43,Victoria,,,
,266,74,Victoria,,,
,82,48,Victoria,,,
,115,30,Victoria,,,
,186,89,Victoria,,,
,138,46,Victoria,,,
,171,15,Victoria,,,
,85,31,Victoria,,,
,139,104,Queensland,,,
,338,56,Victoria,,,
,449,68,Victoria,,,
,533,21,Victoria,,,
,155,111,Victoria,,,
,57,25,Victoria,,,
,109,69,Victoria,,,
,54,26,Victoria,,,
,81,37,Victoria,,,
,155,98,Victoria,,,
,64,34,Queensland,,,
,119,92,Victoria,,,
,46,11,Victoria,,,
,139,58,Queensland,,,
,123,151,Victoria,,,
,268,196,Victoria,,,
,144,101,Victoria,,,
,88,107,Victoria,,,
,60,40,Victoria,,,
,136,98,Victoria,,,
,215,146,Victoria,,,
,209,136,Victoria,,,
,59,69,Victoria,,,
,130,27,Victoria,,,
,156,138,Victoria,,,
,63,25,Victoria,,,
,104,94,Victoria,,,
,210,48,Victoria,,,
,180,51,Victoria,,,
,135,92,Victoria,,,
,82,64,Victoria,,,
,61,32,Queensland,,,
,74,120,Victoria,,,
,148,36,Victoria,,,
,105,41,Victoria,,,
,144,111,Victoria,,,
,41,55,Queensland,,,
,74,92,Victoria,,,
,286,117,Victoria,,,
,73,39,Victoria,,,
,144,49,Victoria,,,
,122,42,Victoria,,,
,101,30,Victoria,,,
,84,33,Victoria,,,
,381,94,Victoria,,,
,462,169,Victoria,,,
,132,36,Victoria,,,
,195,179,Victoria,,,
,372,57,Victoria,,,
,256,151,Queensland,,,
,302,52,Victoria,,,
,112,79,Victoria,,,
,169,75,Victoria,,,
,129,103,Victoria,,,
,143,66,Victoria,,,
,352,71,Victoria,,,
,47,66,Victoria,,,
,392,88,Victoria,,,
,160,86,Queensland,,,
,195,87,Victoria,,,
,283,85,Victoria,,,
,1242,157,Victoria,,,
,97,104,Victoria,,,
,169,64,Victoria,,,
,441,196,Victoria,,,
,163,37,Victoria,,,
,236,151,Victoria,,,
,82,75,Victoria,,,
,340,129,Victoria,,,
,82,46,Victoria,,,
,237,157,Victoria,,,
,113,86,Victoria,,,
,200,93,Victoria,,,
,110,82,Victoria,,,
,255,139,Victoria,,,
,211,148,Victoria,,,
,174,133,Victoria,,,
,132,123,Victoria,,,
,145,77,Queensland,,,
,111,126,Victoria,,,
,135,167,Victoria,,,
,187,145,Victoria,,,
,262,147,Victoria,,,
,100,33,Victoria,,,
,98,208,Victoria,,,
,95,68,Victoria,,,
,119,51,Queensland,,,
,358,85,Victoria,,,
,81,66,Victoria,,,
,136,88,Victoria,,,
,160,67,Victoria,,,
,276,117,Victoria,,,
,186,123,Victoria,,,
,138,67,Victoria,,,
,142,92,Victoria,,,
,76,39,Queensland,,,
,215,134,Victoria,,,
,131,111,Victoria,,,
,159,94,Victoria,,,
,110,59,Victoria,,,
,226,139,Victoria,,,
,189,148,Victoria,,,
,227,173,Victoria,,,
,210,75,Victoria,,,
,301,90,Victoria,,,
,50,14,Victoria,,,
,132,33,Victoria,,,
,119,85,Victoria,,,
,251,106,Victoria,,,
,669,160,Victoria,,,
,58,60,Victoria,,,
,312,64,Victoria,,,
,323,26,Victoria,,,
,194,33,Victoria,,,
,71,9,Victoria,,,
,191,43,Victoria,,,
,207,93,Victoria,,,
,194,71,Victoria,,,
,261,205,Victoria,,,
,161,33,Victoria,,,
,1031,73,Victoria,,,
,782,36,Victoria,,,
,50,38,Queensland,,,
,199,171,Victoria,,,
,555,81,Victoria,,,
,81,80,Queensland,,,
,306,32,Victoria,,,
,259,60,Victoria,,,
,287,15,Victoria,,,
,213,177,Victoria,,,
,420,62,Victoria,,,
,289,130,Victoria,,,
,239,165,Victoria,,,
,84,53,Queensland,,,
,155,171,Victoria,,,
,289,99,Victoria,,,
,239,96,Victoria,,,
,146,44,Victoria,,,
,99,121,Victoria,,,
,36,31,Victoria,,,
,266,173,Victoria,,,
,180,343,Victoria,,,
,195,318,Victoria,,,
,96,79,Victoria,,,
,23,29,Victoria,,,
,55,87,Victoria,,,
,119,116,Victoria,,,
,53,57,Victoria,,,
,76,63,Queensland,,,
,129,138,Victoria,,,
,173,152,Victoria,,,
,57,60,Victoria,,,
,42,31,Queensland,,,
,217,129,Victoria,,,
,29,16,Victoria,,,
,130,60,Queensland,,,
,73,47,Queensland,,,
,70,103,Victoria,,,
,30,20,Victoria,,,
,154,138,Victoria,,,
,33,27,Victoria,,,
,82,100,Victoria,,,
,23,40,Victoria,,,
,73,35,Victoria,,,
,44,57,Victoria,,,
,42,36,Victoria,,,
,212,167,Victoria,,,
,185,160,Victoria,,,
,61,82,Victoria,,,
,45,59,Victoria,,,
,48,24,Victoria,,,
,34,16,Victoria,,,
,105,74,Victoria,,,
,159,98,Victoria,,,
,70,45,Victoria,,,
,179,166,Victoria,,,
,114,116,Victoria,,,
,25,44,Victoria,,,
,37,33,Victoria,,,
,59,81,Victoria,,,
,23,12,Victoria,,,
,109,108,Victoria,,,
,74,79,Victoria,,,
,247,137,Queensland,,,
,69,124,Victoria,,,
,160,38,Queensland,,,
,74,60,Victoria,,,
,249,223,Victoria,,,
,315,167,Victoria,,,
,117,127,Victoria,,,
,92,106,Victoria,,,
,49,64,Victoria,,,
,128,144,Victoria,,,
,25,43,Victoria,,,
,52,35,Queensland,,,
,237,134,Victoria,,,
,118,143,Victoria,,,
,138,34,Queensland,,,
,212,103,Queensland,,,
,106,7,Queensland,,,
,180,59,Queensland,,,
,69,36,Queensland,,,
,138,143,Queensland,,,
,151,140,Queensland,,,
,80,13,Queensland,,,
,229,119,Queensland,,,
,42,11,Queensland,,,
,52,36,Queensland,,,
,97,92,Queensland,,,
,33,46,Queensland,,,
,103,177,Queensland,,,
,43,48,Queensland,,,
,36,41,Queensland,,,
,197,71,Queensland,,,
,81,27,Queensland,,,
,127,21,Queensland,,,
,133,128,Queensland,,,
,221,111,Queensland,,,
,82,272,Queensland,,,
,152,170,Queensland,,,
,72,98,Queensland,,,
,0,0,Queensland,,,
,164,93,Queensland,,,
,236,150,Queensland,,,
,114,69,Queensland,,,
,59,42,Queensland,,,
,108,36,Queensland,,,
,116,24,Queensland,,,
,105,33,Queensland,,,
,110,110,Queensland,,,
,199,14,Queensland,,,
,169,37,Queensland,,,
,93,23,Queensland,,,
,113,81,Queensland,,,
,60,56,Queensland,,,
,179,46,Queensland,,,
,104,31,Queensland,,,
,86,58,Queensland,,,
,135,47,Queensland,,,
,174,46,Queensland,,,
,0,0,Queensland,,,
,15,4,Queensland,,,
,122,21,Queensland,,,
,219,80,Queensland,,,
,96,65,Queensland,,,
,154,81,Queensland,,,
,37,26,Queensland,,,
,43,126,Queensland,,,
,211,165,Queensland,,,
,186,29,Queensland,,,
,92,22,Queensland,,,
,196,114,Queensland,,,
,175,289,South Australia,,,
,126,97,Queensland,,,
,132,46,Queensland,,,
,186,108,Queensland,,,
,30,15,Western Australia,,,
,48,17,Queensland,,,
,123,35,Queensland,,,
,117,63,Queensland,,,
,87,49,Queensland,,,
,76,36,South Australia,,,
,72,52,Queensland,,,
,95,62,Queensland,,,
,109,101,Queensland,,,
,172,76,Queensland,,,
,52,19,Queensland,,,
,75,25,Queensland,,,
,218,83,Queensland,,,
,147,10,Queensland,,,
,118,108,Queensland,,,
,86,58,Queensland,,,
,76,20,Queensland,,,
,150,39,Queensland,,,
,40,20,Queensland,,,
,114,59,Queensland,,,
,144,31,Queensland,,,
,134,45,Queensland,,,
,323,88,Queensland,,,
,168,109,Queensland,,,
,159,80,Queensland,,,
,124,49,Queensland,,,
,204,49,Queensland,,,
,79,17,Queensland,,,
,92,32,Queensland,,,
,169,137,Queensland,,,
,84,53,Queensland,,,
,140,38,Queensland,,,
,46,13,Queensland,,,
,73,130,Queensland,,,
,39,16,Queensland,,,
,53,10,Queensland,,,
,101,34,Queensland,,,
,86,60,Queensland,,,
,254,201,South Australia,,,
,40,82,Queensland,,,
,32,7,Queensland,,,
,57,40,Queensland,,,
,94,15,Queensland,,,
,100,33,Queensland,,,
,77,23,Queensland,,,
,79,26,Western Australia,,,
,36,43,Queensland,,,
,71,79,Queensland,,,
,104,30,Queensland,,,
,73,20,Queensland,,,
,254,92,Queensland,,,
,75,23,Queensland,,,
,123,28,Queensland,,,
,156,90,Queensland,,,
,0,0,Queensland,,,
,0,0,Queensland,,,
,107,84,Queensland,,,
,126,44,Queensland,,,
,35,43,Queensland,,,
,139,58,Queensland,,,
,74,25,Queensland,,,
,68,37,Queensland,,,
,96,24,South Australia,,,
,89,55,Queensland,,,
,113,95,Queensland,,,
,113,17,Queensland,,,
,67,15,Queensland,,,
,75,52,Queensland,,,
,55,22,Queensland,,,
,50,15,Queensland,,,
,170,121,South Australia,,,
,220,42,Queensland,,,
,112,18,Queensland,,,
,95,38,Queensland,,,
,42,8,Queensland,,,
,77,12,Queensland,,,
,42,17,Queensland,,,
,119,39,Queensland,,,
,52,10,Queensland,,,
,70,69,Queensland,,,
,64,22,Queensland,,,
,100,48,Queensland,,,
,46,29,Queensland,,,
,171,53,Queensland,,,
,39,14,Queensland,,,
,155,33,Western Australia,,,
,119,85,Queensland,,,
,100,31,Queensland,,,
,29,16,Western Australia,,,
,47,9,Queensland,,,
,100,54,Queensland,,,
,140,37,Queensland,,,
,124,55,South Australia,,,
,69,15,Queensland,,,
,129,34,Queensland,,,
,119,55,Queensland,,,
,50,14,Queensland,,,
,231,55,Queensland,,,
,97,76,Queensland,,,
,0,0,Queensland,,,
,31,14,Queensland,,,
,94,36,Queensland,,,
,149,96,Queensland,,,
,19,16,Western Australia,,,
,67,34,Queensland,,,
,134,61,Queensland,,,
,150,32,Queensland,,,
,93,74,Queensland,,,
,48,32,Queensland,,,
,181,69,Queensland,,,
,133,53,Queensland,,,
,0,0,Queensland,,,
,91,41,Queensland,,,
,138,26,Queensland,,,
,89,96,Queensland,,,
,45,20,Queensland,,,
,78,42,Queensland,,,
,74,70,Queensland,,,
,70,28,Queensland,,,
,140,95,Queensland,,,
,91,58,Queensland,,,
,126,93,Queensland,,,
,87,56,Queensland,,,
,58,29,Queensland,,,
,34,93,Queensland,,,
,49,42,Queensland,,,
,217,56,Queensland,,,
,205,160,Queensland,,,
,113,23,Queensland,,,
,83,36,Queensland,,,
,114,53,Queensland,,,
,21,11,Queensland,,,
,60,64,Queensland,,,
,37,19,Queensland,,,
,40,15,Queensland,,,
,26,12,Queensland,,,
,122,45,Queensland,,,
,38,15,Queensland,,,
,0,0,Queensland,,,
,85,110,Queensland,,,
,207,53,Queensland,,,
,226,133,Queensland,,,
,124,50,Queensland,,,
,70,25,Queensland,,,
,29,48,Queensland,,,
,74,46,Queensland,,,
,51,36,Queensland,,,
,130,43,Queensland,,,
,0,0,Queensland,,,
,132,84,Queensland,,,
,70,42,Queensland,,,
,146,40,Queensland,,,
,110,79,Queensland,,,
,45,16,Queensland,,,
,83,61,Queensland,,,
,45,25,Queensland,,,
,247,92,Queensland,,,
,59,38,Queensland,,,
,0,0,Queensland,,,
,159,96,Queensland,,,
,90,41,Queensland,,,
,60,19,Queensland,,,
,136,79,Queensland,,,
,68,35,Queensland,,,
,79,86,Queensland,,,
,120,111,Queensland,,,
,52,15,Queensland,,,
,140,79,Queensland,,,
,139,64,Queensland,,,
,111,38,Queensland,,,
,319,58,Queensland,,,
,72,75,Queensland,,,
,154,94,Queensland,,,
,91,85,Queensland,,,
,144,79,Queensland,,,
,188,83,Queensland,,,
,503,117,Queensland,,,
,23,65,Queensland,,,
,127,89,Queensland,,,
,97,101,Queensland,,,
,90,114,Queensland,,,
,82,124,Queensland,,,
,197,223,Queensland,,,
,223,56,Queensland,,,
,73,60,Queensland,,,
,52,91,Queensland,,,
,47,18,Queensland,,,
,74,62,Queensland,,,
,210,96,Queensland,,,
,109,23,Queensland,,,
,153,57,Queensland,,,
,109,46,Queensland,,,
,251,131,Queensland,,,
,179,117,Queensland,,,
,233,45,Queensland,,,
,76,67,Queensland,,,
,35,24,Queensland,,,
,335,25,Queensland,,,
,245,145,Queensland,,,
,230,47,Queensland,,,
,178,111,Queensland,,,
,267,42,Queensland,,,
,77,30,Queensland,,,
,547,70,Queensland,,,
,128,134,Queensland,,,
,91,19,Queensland,,,
,102,51,Queensland,,,
,312,104,Queensland,,,
,150,181,Queensland,,,
,154,169,Queensland,,,
,74,47,Queensland,,,
,21,24,Queensland,,,
,229,114,Queensland,,,
,108,73,Queensland,,,
,458,120,Queensland,,,
,103,101,Queensland,,,
,113,58,Queensland,,,
,48,22,Queensland,,,
,0,0,Queensland,,,
,162,93,Queensland,,,
,67,63,Queensland,,,
,140,62,Queensland,,,
,598,83,Queensland,,,
,107,24,Queensland,,,
,69,68,Queensland,,,
,193,122,Queensland,,,
,217,174,Queensland,,,
,49,13,Queensland,,,
,68,90,Queensland,,,
,79,19,Queensland,,,
,56,19,Queensland,,,
,141,44,Queensland,,,
,134,51,Queensland,,,
,272,19,Queensland,,,
,47,68,Queensland,,,
,132,42,Queensland,,,
,318,43,Queensland,,,
,0,0,Queensland,,,
,229,60,Queensland,,,
,219,36,Queensland,,,
,196,49,Queensland,,,
,0,0,Queensland,,,
,534,67,Queensland,,,
,107,16,Queensland,,,
,433,27,Queensland,,,
,163,138,Queensland,,,
,112,64,Queensland,,,
,41,21,Queensland,,,
,196,96,Queensland,,,
,179,33,Queensland,,,
,78,53,Queensland,,,
,157,30,Queensland,,,
,312,148,Queensland,,,
,5,0,Queensland,,,
,135,37,Queensland,,,
,161,27,Queensland,,,
,239,47,Queensland,,,
,0,0,Queensland,,,
,115,45,Queensland,,,
,289,52,Queensland,,,
,135,49,Queensland,,,
,98,39,Queensland,,,
,202,187,Queensland,,,
,91,59,Queensland,,,
,177,34,Queensland,,,
,199,55,Queensland,,,
,139,26,Queensland,,,
,162,71,Queensland,,,
,135,51,Queensland,,,
,70,19,Queensland,,,
,179,76,Queensland,,,
,73,41,Queensland,,,
,181,51,Queensland,,,
,134,40,Queensland,,,
,47,14,Northern Territory,,,
,115,81,Queensland,,,
,88,20,Queensland,,,
,66,14,Queensland,,,
,44,28,Queensland,,,
,365,176,South Australia,,,
,143,10,Queensland,,,
,78,88,Queensland,,,
,239,97,Queensland,,,
,35,61,Queensland,,,
,156,32,Queensland,,,
,235,28,Queensland,,,
,0,0,Queensland,,,
,48,25,Queensland,,,
,0,0,Queensland,,,
,97,82,Queensland,,,
,109,71,Queensland,,,
,80,53,Queensland,,,
,84,26,Queensland,,,
,75,14,Queensland,,,
,40,16,Queensland,,,
,74,40,Queensland,,,
,115,27,Queensland,,,
,78,46,Queensland,,,
,379,316,Queensland,,,
,280,145,South Australia,,,
,345,194,Queensland,,,
,220,108,Queensland,,,
,29,9,Northern Territory,,,
,56,15,Queensland,,,
,157,44,Queensland,,,
,38,23,Queensland,,,
,271,226,Queensland,,,
,57,24,Queensland,,,
,75,3,Queensland,,,
,285,67,Queensland,,,
,86,32,Queensland,,,
,36,19,Queensland,,,
,88,95,Queensland,,,
,125,78,Queensland,,,
,82,111,Queensland,,,
,42,28,Queensland,,,
,182,232,Queensland,,,
,109,96,Queensland,,,
,314,123,South Australia,,,
,153,86,Queensland,,,
,272,49,Queensland,,,
,71,25,Queensland,,,
,72,78,Queensland,,,
,98,10,Queensland,,,
,400,151,Queensland,,,
,22,11,South Australia,,,
,285,105,Queensland,,,
,91,35,Queensland,,,
,438,83,Queensland,,,
,96,85,Queensland,,,
,212,121,Queensland,,,
,530,159,Queensland,,,
,56,10,Queensland,,,
,61,47,Queensland,,,
,94,44,Queensland,,,
,49,15,Queensland,,,
,79,14,Queensland,,,
,111,34,Queensland,,,
,195,59,Queensland,,,
,19,7,Queensland,,,
,111,40,Queensland,,,
,10,3,Queensland,,,
,15,16,Queensland,,,
,350,95,Queensland,,,
,52,20,Queensland,,,
,44,21,Queensland,,,
,58,49,Queensland,,,
,44,41,Queensland,,,
,28,12,Queensland,,,
,49,14,Queensland,,,
,141,177,Queensland,,,
,61,27,Queensland,,,
,163,58,Queensland,,,
,129,25,Queensland,,,
,72,57,Queensland,,,
,106,71,Queensland,,,
,92,91,Queensland,,,
,57,98,Queensland,,,
,418,182,Queensland,,,
,71,127,Queensland,,,
,100,110,Queensland,,,
,99,86,Queensland,,,
,64,80,South Australia,,,
,164,137,Queensland,,,
,94,79,Queensland,,,
,101,80,Queensland,,,
,271,234,Queensland,,,
,210,54,Queensland,,,
,27,55,Queensland,,,
,46,72,Queensland,,,
,46,19,Queensland,,,
,62,158,Queensland,,,
,38,21,Queensland,,,
,104,47,Queensland,,,
,108,74,Queensland,,,
,53,93,Queensland,,,
,63,36,Queensland,,,
,89,72,Queensland,,,
,44,50,South Australia,,,
,138,49,Queensland,,,
,36,26,Queensland,,,
,149,44,Queensland,,,
,45,63,South Australia,,,
,276,192,Queensland,,,
,180,137,Queensland,,,
,151,152,South Australia,,,
,113,25,Queensland,,,
,193,85,Queensland,,,
,138,98,Queensland,,,
,118,54,Queensland,,,
,107,46,Queensland,,,
,27,50,South Australia,,,
,100,26,Queensland,,,
,123,38,Queensland,,,
,148,54,Queensland,,,
,72,42,South Australia,,,
,120,65,Queensland,,,
,193,123,Queensland,,,
,75,83,Queensland,,,
,195,120,Queensland,,,
,26,62,Queensland,,,
,94,103,Queensland,,,
,77,69,Queensland,,,
,108,50,Queensland,,,
,76,86,Queensland,,,
,28,22,Queensland,,,
,42,24,Queensland,,,
,47,50,South Australia,,,
,21,14,South Australia,,,
,49,61,Queensland,,,
,51,68,Queensland,,,
,27,16,Queensland,,,
,63,24,Queensland,,,
,180,131,South Australia,,,
,158,28,Queensland,,,
,42,23,South Australia,,,
,157,63,Queensland,,,
,66,36,Queensland,,,
,508,75,Queensland,,,
,38,14,South Australia,,,
,79,34,Queensland,,,
,89,53,Queensland,,,
,20,11,South Australia,,,
,67,32,Queensland,,,
,54,28,Queensland,,,
,194,71,Queensland,,,
,11,18,Queensland,,,
,24,27,South Australia,,,
,179,56,Queensland,,,
,63,75,Queensland,,,
,25,82,Queensland,,,
,143,70,Queensland,,,
,78,38,Queensland,,,
,80,52,Queensland,,,
,44,22,Queensland,,,
,48,26,Queensland,,,
,141,156,Queensland,,,
,17,11,South Australia,,,
,174,132,South Australia,,,
,61,39,Queensland,,,
,54,26,Queensland,,,
,69,0,South Australia,,,
,66,29,Queensland,,,
,84,78,Queensland,,,
,89,50,Queensland,,,
,70,47,Queensland,,,
,85,125,Queensland,,,
,53,86,Queensland,,,
,60,75,Queensland,,,
,76,60,Queensland,,,
,81,88,Queensland,,,
,34,48,Queensland,,,
,165,178,Queensland,,,
,114,116,Queensland,,,
,64,60,Queensland,,,
,42,55,Queensland,,,
,32,27,Queensland,,,
,43,38,Queensland,,,
,46,56,South Australia,,,
,144,85,Queensland,,,
,148,99,Queensland,,,
,44,31,Queensland,,,
,38,28,Queensland,,,
,81,97,Queensland,,,
,0,0,Queensland,,,
,77,70,Queensland,,,
,196,117,Queensland,,,
,44,32,Queensland,,,
,135,191,Queensland,,,
,43,76,Queensland,,,
,138,243,Queensland,,,
,182,234,Queensland,,,
,74,66,Queensland,,,
,66,39,South Australia,,,
,117,104,Queensland,,,
,73,102,Queensland,,,
,36,29,Queensland,,,
,59,32,Queensland,,,
,93,42,South Australia,,,
,116,105,South Australia,,,
,156,85,South Australia,,,
,41,73,South Australia,,,
,57,34,South Australia,,,
,92,82,South Australia,,,
,296,118,South Australia,,,
,76,15,South Australia,,,
,93,22,South Australia,,,
,46,18,South Australia,,,
,33,32,South Australia,,,
,62,46,South Australia,,,
,117,141,South Australia,,,
,99,36,South Australia,,,
,139,136,South Australia,,,
,203,228,South Australia,,,
,245,155,South Australia,,,
,87,43,South Australia,,,
,115,162,South Australia,,,
,130,90,South Australia,,,
,66,16,South Australia,,,
,164,102,South Australia,,,
,63,86,South Australia,,,
,171,96,South Australia,,,
,185,130,South Australia,,,
,169,110,South Australia,,,
,91,25,South Australia,,,
,297,40,South Australia,,,
,360,181,South Australia,,,
,316,121,South Australia,,,
,194,78,South Australia,,,
,0,0,South Australia,,,
,0,0,South Australia,,,
,175,194,South Australia,,,
,0,0,Northern Territory,,,
,223,122,South Australia,,,
,226,44,South Australia,,,
,256,175,South Australia,,,
,196,49,South Australia,,,
,194,126,South Australia,,,
,261,126,South Australia,,,
,87,36,South Australia,,,
,81,90,South Australia,,,
,131,79,South Australia,,,
,103,27,South Australia,,,
,219,257,South Australia,,,
,74,64,South Australia,,,
,126,34,South Australia,,,
,211,279,South Australia,,,
,176,64,South Australia,,,
,193,61,South Australia,,,
,152,155,South Australia,,,
,118,174,South Australia,,,
,179,171,South Australia,,,
,166,64,South Australia,,,
,175,189,South Australia,,,
,125,57,South Australia,,,
,101,51,South Australia,,,
,183,123,South Australia,,,
,112,69,South Australia,,,
,189,151,South Australia,,,
,46,49,South Australia,,,
,58,65,South Australia,,,
,129,143,South Australia,,,
,97,40,South Australia,,,
,114,33,South Australia,,,
,98,88,South Australia,,,
,172,104,South Australia,,,
,113,70,South Australia,,,
,134,109,South Australia,,,
,20,8,South Australia,,,
,38,10,South Australia,,,
,113,52,South Australia,,,
,77,100,South Australia,,,
,91,67,South Australia,,,
,146,68,South Australia,,,
,0,0,South Australia,,,
,0,0,South Australia,,,
,31,5,Northern Territory,,,
,70,58,South Australia,,,
,59,19,Northern Territory,,,
,322,136,South Australia,,,
,41,7,Northern Territory,,,
,31,15,South Australia,,,
,119,64,South Australia,,,
,143,38,South Australia,,,
,218,200,South Australia,,,
,217,116,South Australia,,,
,143,80,South Australia,,,
,243,153,South Australia,,,
,117,142,South Australia,,,
,234,166,South Australia,,,
,0,0,South Australia,,,
,46,11,Northern Territory,,,
,162,127,South Australia,,,
,138,81,South Australia,,,
,166,127,South Australia,,,
,261,180,South Australia,,,
,0,0,South Australia,,,
,0,0,South Australia,,,
,26,31,South Australia,,,
,133,115,South Australia,,,
,28,22,South Australia,,,
,299,241,South Australia,,,
,172,144,South Australia,,,
,35,36,South Australia,,,
,50,40,South Australia,,,
,118,60,South Australia,,,
,62,20,South Australia,,,
,43,55,South Australia,,,
,56,41,South Australia,,,
,37,48,South Australia,,,
,33,46,South Australia,,,
,107,117,South Australia,,,
,60,59,South Australia,,,
,37,58,South Australia,,,
,0,0,South Australia,,,
,174,104,South Australia,,,
,38,64,South Australia,,,
,61,118,South Australia,,,
,35,46,South Australia,,,
,36,25,South Australia,,,
,225,192,South Australia,,,
,46,76,South Australia,,,
,0,0,South Australia,,,
,77,161,South Australia,,,
,48,40,South Australia,,,
,82,73,South Australia,,,
,62,32,South Australia,,,
,34,53,South Australia,,,
,99,208,South Australia,,,
,50,54,South Australia,,,
,38,80,South Australia,,,
,80,45,South Australia,,,
,29,28,South Australia,,,
,69,31,Western Australia,,,
,22,6,South Australia,,,
,35,23,South Australia,,,
,33,20,South Australia,,,
,57,49,Western Australia,,,
,86,50,South Australia,,,
,40,14,South Australia,,,
,175,141,South Australia,,,
,69,41,Western Australia,,,
,57,62,South Australia,,,
,16,10,South Australia,,,
,49,67,South Australia,,,
,213,159,South Australia,,,
,60,48,South Australia,,,
,50,30,South Australia,,,
,47,46,South Australia,,,
,132,40,Western Australia,,,
,78,65,Western Australia,,,
,62,70,South Australia,,,
,273,242,Western Australia,,,
,132,36,Western Australia,,,
,248,80,Western Australia,,,
,51,25,Western Australia,,,
,96,88,Western Australia,,,
,0,0,Western Australia,,,
,173,104,Western Australia,,,
,101,80,Western Australia,,,
,90,43,Western Australia,,,
,41,29,Western Australia,,,
,147,18,Western Australia,,,
,19,8,Western Australia,,,
,132,160,Western Australia,,,
,57,34,Western Australia,,,
,45,10,Northern Territory,,,
,57,52,Western Australia,,,
,37,39,Western Australia,,,
,82,41,Western Australia,,,
,86,63,Western Australia,,,
,194,131,Western Australia,,,
,99,127,Western Australia,,,
,108,132,Western Australia,,,
,157,87,Western Australia,,,
,176,159,Western Australia,,,
,57,43,Western Australia,,,
,313,111,Western Australia,,,
,75,31,Western Australia,,,
,116,194,Western Australia,,,
,123,74,Western Australia,,,
,37,32,Western Australia,,,
,69,84,Western Australia,,,
,66,50,Western Australia,,,
,111,69,Western Australia,,,
,115,97,Western Australia,,,
,35,15,Australian Capital Territory,,,
,80,49,Western Australia,,,
,0,0,Western Australia,,,
,163,70,Western Australia,,,
,191,61,Western Australia,,,
,173,107,Western Australia,,,
,133,70,Western Australia,,,
,378,144,Western Australia,,,
,218,145,Western Australia,,,
,216,79,Western Australia,,,
,356,205,Western Australia,,,
,190,64,Western Australia,,,
,290,128,Western Australia,,,
,74,56,Western Australia,,,
,21,11,Western Australia,,,
,156,113,Western Australia,,,
,70,29,Western Australia,,,
,0,0,Western Australia,,,
,0,0,Australian Capital Territory,,,
,73,26,Western Australia,,,
,0,0,Western Australia,,,
,221,66,Western Australia,,,
,119,78,Western Australia,,,
,129,46,Western Australia,,,
,338,64,Western Australia,,,
,69,15,Western Australia,,,
,817,164,Western Australia,,,
,25,12,Western Australia,,,
,83,25,Western Australia,,,
,123,125,Western Australia,,,
,215,41,Western Australia,,,
,0,0,Western Australia,,,
,0,0,Western Australia,,,
,79,40,Western Australia,,,
,87,35,Western Australia,,,
,75,6,Australian Capital Territory,,,
,128,143,Western Australia,,,
,162,57,Western Australia,,,
,175,29,Western Australia,,,
,0,0,Western Australia,,,
,197,45,Western Australia,,,
,84,40,Western Australia,,,
,61,20,Western Australia,,,
,131,115,Western Australia,,,
,100,52,Western Australia,,,
,72,28,Western Australia,,,
,125,36,Western Australia,,,
,81,33,Western Australia,,,
,49,31,Western Australia,,,
,222,111,Western Australia,,,
,396,78,Western Australia,,,
,235,145,Western Australia,,,
,0,0,Western Australia,,,
,308,128,Western Australia,,,
,96,40,Western Australia,,,
,222,231,Western Australia,,,
,327,81,Western Australia,,,
,0,0,Western Australia,,,
,281,70,Western Australia,,,
,179,74,Western Australia,,,
,66,30,Western Australia,,,
,187,75,Western Australia,,,
,53,14,Australian Capital Territory,,,
,125,87,Western Australia,,,
,196,211,Western Australia,,,
,129,57,Western Australia,,,
,322,142,Western Australia,,,
,314,41,Western Australia,,,
,227,39,Western Australia,,,
,139,47,Western Australia,,,
,445,96,Western Australia,,,
,136,78,Western Australia,,,
,190,89,Western Australia,,,
,0,0,Western Australia,,,
,111,21,Northern Territory,,,
,177,40,Western Australia,,,
,363,185,Western Australia,,,
,321,15,Western Australia,,,
,3,3,Western Australia,,,
,52,15,Western Australia,,,
,180,73,Western Australia,,,
,423,161,Western Australia,,,
,547,31,Western Australia,,,
,0,0,Western Australia,,,
,82,32,Western Australia,,,
,0,0,Northern Territory,,,
,117,87,Western Australia,,,
,81,45,Western Australia,,,
,0,0,Western Australia,,,
,71,17,Western Australia,,,
,174,30,Western Australia,,,
,36,26,Western Australia,,,
,225,156,Western Australia,,,
,255,113,Western Australia,,,
,0,0,Western Australia,,,
,0,0,Western Australia,,,
,452,113,Western Australia,,,
,212,38,Western Australia,,,
,29,25,Northern Territory,,,
,271,292,Western Australia,,,
,72,21,Western Australia,,,
,0,0,Western Australia,,,
,384,66,Western Australia,,,
,185,101,Western Australia,,,
,181,93,Western Australia,,,
,96,95,Western Australia,,,
,0,0,Western Australia,,,
,106,66,Western Australia,,,
,344,95,Western Australia,,,
,246,86,Western Australia,,,
,300,47,Western Australia,,,
,312,218,Western Australia,,,
,163,131,Western Australia,,,
,207,94,Western Australia,,,
,157,156,Western Australia,,,
,285,76,Western Australia,,,
,305,96,Western Australia,,,
,187,67,Western Australia,,,
,131,75,Western Australia,,,
,98,83,Western Australia,,,
,0,0,Western Australia,,,
,379,51,Western Australia,,,
,112,136,Western Australia,,,
,43,35,Western Australia,,,
,32,26,Western Australia,,,
,104,22,Western Australia,,,
,58,26,Western Australia,,,
,67,15,Northern Territory,,,
,157,83,Western Australia,,,
,308,85,Western Australia,,,
,0,0,Western Australia,,,
,71,22,Northern Territory,,,
,103,34,Western Australia,,,
,114,60,Western Australia,,,
,159,112,Western Australia,,,
,112,9,Northern Territory,,,
,155,56,Western Australia,,,
,141,115,Western Australia,,,
,326,54,Western Australia,,,
,127,17,Western Australia,,,
,163,27,Western Australia,,,
,19,11,Western Australia,,,
,70,54,Western Australia,,,
,185,123,Western Australia,,,
,79,30,Northern Territory,,,
,208,101,Western Australia,,,
,0,0,Western Australia,,,
,384,40,Western Australia,,,
,39,15,Northern Territory,,,
,100,94,Western Australia,,,
,0,3,Western Australia,,,
,116,91,Western Australia,,,
,0,0,Western Australia,,,
,158,76,Western Australia,,,
,55,90,Western Australia,,,
,164,15,Western Australia,,,
,85,48,Western Australia,,,
,26,22,Western Australia,,,
,149,26,Northern Territory,,,
,92,102,Western Australia,,,
,68,73,Western Australia,,,
,27,20,Western Australia,,,
,698,79,Western Australia,,,
,98,78,Western Australia,,,
,149,77,Western Australia,,,
,138,138,Western Australia,,,
,0,0,Western Australia,,,
,106,151,Western Australia,,,
,297,50,Western Australia,,,
,52,4,Northern Territory,,,
,163,79,Western Australia,,,
,156,61,Western Australia,,,
,156,63,Western Australia,,,
,49,26,Western Australia,,,
,149,195,Western Australia,,,
,38,13,Western Australia,,,
,73,26,Western Australia,,,
,42,28,Western Australia,,,
,48,28,Western Australia,,,
,52,13,Western Australia,,,
,73,35,Western Australia,,,
,0,0,Western Australia,,,
,35,25,Western Australia,,,
,26,30,Western Australia,,,
,51,22,Western Australia,,,
,55,41,Western Australia,,,
,37,32,Western Australia,,,
,56,68,Western Australia,,,
,42,44,Western Australia,,,
,61,48,Western Australia,,,
,103,83,Western Australia,,,
,35,43,Western Australia,,,
,56,32,Western Australia,,,
,22,11,Western Australia,,,
,55,46,Western Australia,,,
,58,40,Western Australia,,,
,268,78,Western Australia,,,
,155,75,Western Australia,,,
,93,8,Western Australia,,,
,80,7,Western Australia,,,
,235,43,Western Australia,,,
,106,8,Western Australia,,,
,105,36,Western Australia,,,
,376,26,Western Australia,,,
,78,16,Western Australia,,,
,56,27,Western Australia,,,
,39,26,Western Australia,,,
,115,51,Tasmania,,,
,142,92,Western Australia,,,
,59,17,Western Australia,,,
,70,65,Tasmania,,,
,66,16,Tasmania,,,
,84,38,Western Australia,,,
,47,16,Western Australia,,,
,156,99,Tasmania,,,
,97,69,Tasmania,,,
,81,53,Tasmania,,,
,212,77,Western Australia,,,
,148,34,Western Australia,,,
,0,0,Western Australia,,,
,57,25,Western Australia,,,
,38,24,Western Australia,,,
,0,0,Western Australia,,,
,142,190,Western Australia,,,
,71,19,Northern Territory,,,
,133,35,Western Australia,,,
,131,25,Western Australia,,,
,150,48,Western Australia,,,
,27,27,Western Australia,,,
,46,17,Western Australia,,,
,106,30,Tasmania,,,
,56,30,Tasmania,,,
,58,50,Tasmania,,,
,58,43,Tasmania,,,
,87,30,Tasmania,,,
,34,43,Tasmania,,,
,34,27,Tasmania,,,
,50,63,Tasmania,,,
,48,40,Tasmania,,,
,29,12,Northern Territory,,,
,142,77,Tasmania,,,
,36,14,Tasmania,,,
,41,21,Tasmania,,,
,75,167,Tasmania,,,
,61,67,Tasmania,,,
,35,16,Tasmania,,,
,121,49,Tasmania,,,
,131,30,Tasmania,,,
,39,21,Tasmania,,,
,47,12,Tasmania,,,
,67,57,Tasmania,,,
,48,34,Tasmania,,,
,36,31,Tasmania,,,
,77,43,Tasmania,,,
,58,33,Tasmania,,,
,45,75,Tasmania,,,
,107,62,Tasmania,,,
,76,27,Tasmania,,,
,5,5,Tasmania,,,
,179,164,Tasmania,,,
,65,73,Tasmania,,,
,28,21,Tasmania,,,
,18,20,Tasmania,,,
,67,46,Tasmania,,,
,83,38,Tasmania,,,
,0,0,Tasmania,,,
,69,44,Tasmania,,,
,0,0,Tasmania,,,
,20,23,Tasmania,,,
,20,32,Tasmania,,,
,30,30,Tasmania,,,
,60,73,Tasmania,,,
,23,28,Tasmania,,,
,106,66,Tasmania,,,
,52,17,Tasmania,,,
,57,24,Tasmania,,,
,62,101,Tasmania,,,
,106,57,Tasmania,,,
,115,67,Tasmania,,,
,14,30,Tasmania,,,
,29,44,Tasmania,,,
,58,29,Northern Territory,,,
,84,121,Tasmania,,,
,62,61,Tasmania,,,
,32,75,Tasmania,,,
,52,69,Tasmania,,,
,56,78,Tasmania,,,
,172,77,Northern Territory,,,
,42,18,Tasmania,,,
,60,63,Tasmania,,,
,33,15,Tasmania,,,
,58,26,Tasmania,,,
,53,46,Tasmania,,,
,64,81,Tasmania,,,
,55,18,Tasmania,,,
,121,70,Tasmania,,,
,50,53,Tasmania,,,
,36,82,Tasmania,,,
,54,53,Tasmania,,,
,55,22,Tasmania,,,
,87,62,Tasmania,,,
,57,36,Tasmania,,,
,51,17,Tasmania,,,
,42,41,Tasmania,,,
,41,13,Tasmania,,,
,16,14,Tasmania,,,
,62,17,Tasmania,,,
,43,12,Tasmania,,,
,51,72,Tasmania,,,
,41,13,Tasmania,,,
,47,31,Tasmania,,,
,57,28,Tasmania,,,
,47,24,Tasmania,,,
,73,90,Tasmania,,,
,60,70,Tasmania,,,
,44,36,Tasmania,,,
,37,22,Tasmania,,,
,44,15,Tasmania,,,
,38,49,Tasmania,,,
,144,166,Tasmania,,,
,49,33,Tasmania,,,
,0,0,Tasmania,,,
,53,50,Tasmania,,,
,45,44,Tasmania,,,
,44,12,Tasmania,,,
,61,63,Tasmania,,,
,81,26,Northern Territory,,,
,0,0,Northern Territory,,,
,57,39,Northern Territory,,,
,66,22,Northern Territory,,,
,61,8,Northern Territory,,,
,38,12,Northern Territory,,,
,40,11,Northern Territory,,,
,58,12,Northern Territory,,,
,44,4,Northern Territory,,,
,33,9,Northern Territory,,,
,27,7,Northern Territory,,,
,21,12,Northern Territory,,,
,0,0,Northern Territory,,,
,69,16,Northern Territory,,,
,0,0,Northern Territory,,,
,26,13,Northern Territory,,,
,62,10,Northern Territory,,,
,69,12,Northern Territory,,,
,39,46,Northern Territory,,,
,31,9,Northern Territory,,,
,21,7,Northern Territory,,,
,34,25,Northern Territory,,,
,94,32,Northern Territory,,,
,0,0,Northern Territory,,,
,35,13,Northern Territory,,,
,95,7,Northern Territory,,,
,63,25,Northern Territory,,,
,59,19,Northern Territory,,,
,91,26,Northern Territory,,,
,23,11,Australian Capital Territory,,,
,174,6,Northern Territory,,,
,124,15,Northern Territory,,,
,67,15,Northern Territory,,,
,71,26,Northern Territory,,,
,99,27,Northern Territory,,,
,106,27,Northern Territory,,,
,55,14,Northern Territory,,,
,115,36,Australian Capital Territory,,,
,31,12,Northern Territory,,,
,32,40,Northern Territory,,,
,51,26,Northern Territory,,,
,64,19,Northern Territory,,,
,59,18,Northern Territory,,,
,53,35,Australian Capital Territory,,,
,33,19,Northern Territory,,,
,73,41,Northern Territory,,,
,50,31,Northern Territory,,,
,21,3,Northern Territory,,,
,29,5,Northern Territory,,,
,50,13,Australian Capital Territory,,,
,35,10,Australian Capital Territory,,,
,103,21,Australian Capital Territory,,,
,78,23,Australian Capital Territory,,,
,52,15,Australian Capital Territory,,,
,41,12,Australian Capital Territory,,,
,15,6,Australian Capital Territory,,,
,41,11,Australian Capital Territory,,,
,0,0,Australian Capital Territory,,,
,22,19,Australian Capital Territory,,,
,43,16,Australian Capital Territory,,,
,103,42,Australian Capital Territory,,,
,77,40,Australian Capital Territory,,,
,60,8,Australian Capital Territory,,,
,42,5,Australian Capital Territory,,,
,115,14,Australian Capital Territory,,,
,19,14,Australian Capital Territory,,,
,38,12,Australian Capital Territory,,,
,28,64,Australian Capital Territory,,,
,40,10,Australian Capital Territory,,,
,19,0,Australian Capital Territory,,,
,31,7,Australian Capital Territory,,,
,28,9,Australian Capital Territory,,,
,4,7,Australian Capital Territory,,,
,0,0,Australian Capital Territory,,,
,14,0,Australian Capital Territory,,,
,0,0,Australian Capital Territory,,,
,0,0,Australian Capital Territory,,,
,3,0,Australian Capital Territory,,,
,75,5,Australian Capital Territory,,,
,103,9,Australian Capital Territory,,,
,138,11,Australian Capital Territory,,,
,51,3,Australian Capital Territory,,,
,130,6,Australian Capital Territory,,,
,128,8,Australian Capital Territory,,,
,0,3,Australian Capital Territory,,,
,97,12,Australian Capital Territory,,,
,0,0,Australian Capital Territory,,,
,173,30,Australian Capital Territory,,,
,49,28,Australian Capital Territory,,,
,75,14,Australian Capital Territory,,,
,0,0,Australian Capital Territory,,,
,0,0,Australian Capital Territory,,,
,13,0,Australian Capital Territory,,,
,0,0,Australian Capital Territory,,,
,122,0,Australian Capital Territory,,,
,49,3,Australian Capital Territory,,,
,54,0,Australian Capital Territory,,,
,3,0,Australian Capital Territory,,,
,48,71,Australian Capital Territory,,,
,26,3,Australian Capital Territory,,,
,34,9,Australian Capital Territory,,,
,42,12,Australian Capital Territory,,,
,44,10,Australian Capital Territory,,,
,60,69,Australian Capital Territory,,,
,53,23,Australian Capital Territory,,,
,34,9,Australian Capital Territory,,,
,89,18,Australian Capital Territory,,,
,19,0,Australian Capital Territory,,,
,49,22,Australian Capital Territory,,,
,0,0,Australian Capital Territory,,,
,36,24,Australian Capital Territory,,,
,16,8,Australian Capital Territory,,,
,0,0,Australian Capital Territory,,,
,11,4,Australian Capital Territory,,,
,0,0,Australian Capital Territory,,,
,21,22,Australian Capital Territory,,,
,13,10,Australian Capital Territory,,,
,56,53,Australian Capital Territory,,,
,0,0,Australian Capital Territory,,,
,66,79,Australian Capital Territory,,,
,0,0,Australian Capital Territory,,,
,16,25,Australian Capital Territory,,,
,0,0,Australian Capital Territory,,,
,95,13,Australian Capital Territory,,,
,53,15,Australian Capital Territory,,,
,20,17,Australian Capital Territory,,,
,48,14,Australian Capital Territory,,,
,72,51,Australian Capital Territory,,,
,64,17,Australian Capital Territory,,,
,57,18,Australian Capital Territory,,,
,15,7,Australian Capital Territory,,,
,28,7,Australian Capital Territory,,,
,90,51,Australian Capital Territory,,,
,42,11,Australian Capital Territory,,,
,45,16,Australian Capital Territory,,,
,71,18,Australian Capital Territory,,,
,157,90,Australian Capital Territory,,,
,61,77,Australian Capital Territory,,,
,0,0,Australian Capital Territory,,,
,15,5,Australian Capital Territory,,,
,45,9,Australian Capital Territory,,,
,45,11,Australian Capital Territory,,,
,0,0,Australian Capital Territory,,,
,98,29,Australian Capital Territory,,,
,0,0,Australian Capital Territory,,,
,17,12,Australian Capital Territory,,,
,37,19,Australian Capital Territory,,,
,31,14,Australian Capital Territory,,,
,46,18,Australian Capital Territory,,,
,18,50,Australian Capital Territory,,,
,36,12,Australian Capital Territory,,,
,47,64,Australian Capital Territory,,,
,0,0,Australian Capital Territory,,,
,26,13,Australian Capital Territory,,,
,44,71,Australian Capital Territory,,,
,35,33,Australian Capital Territory,,,
,39,47,Australian Capital Territory,,,
,20,65,Australian Capital Territory,,,
,17,19,Australian Capital Territory,,,
,48,14,Australian Capital Territory,,,
,37,19,Australian Capital Territory,,,
,3,6,Australian Capital Territory,,,
,29,15,Australian Capital Territory,,,
,97,11,Australian Capital Territory,,,
,32,13,Australian Capital Territory,,,
,0,0,Australian Capital Territory,,,
,96,5,Australian Capital Territory,,,
,41,0,Australian Capital Territory,,,
,0,0,Australian Capital Territory,,,
,0,0,Australian Capital Territory,,,
,49,4,Australian Capital Territory,,,
,6,4,Australian Capital Territory,,,
,0,0,Australian Capital Territory,,,